A_Fighter,B_Fighter,Division,WinBy,EventYear,EventLocation,A_height,A_weight,A_range,A_Stance,A_YearBirth,A_SigStrikeLanded,A_SigStrikeAcc,A_SigStrikeAbsorb,A_SigStrikeDef,A_TakedownAvg,A_TakedownAcc,A_TakedownDef,A_SubAvg,B_height,B_weight,B_range,B_Stance,B_YearBirth,B_SigStrikeLanded,B_SigStrikeAcc,B_SigStrikeAbsorb,B_SigStrikeDef,B_TakedownAvg,B_TakedownAcc,B_TakedownDef,B_SubAvg
Nate Diaz,Jim Miller,Lightweight,SUB,2012.0,EastRutherford,72.0,170.0,76.0,Southpaw,1985.0,4.57,45.0,3.77,52.0,1.05,30.0,41.0,1.3,68.0,155.0,71.0,Southpaw,1983.0,2.79,41.0,2.93,58.0,1.62,43.0,47.0,1.8
Johny Hendricks,Josh Koscheck,Welterweight,S-DEC,2012.0,EastRutherford,69.0,185.0,69.0,Southpaw,1983.0,3.49,45.0,3.99,53.0,3.83,46.0,63.0,0.3,70.0,170.0,73.0,Orthodox,1977.0,1.79,36.0,2.27,63.0,2.46,48.0,64.0,0.4
Alan Belcher,Rousimar Palhares,Middleweight,KO/TKO,2012.0,EastRutherford,74.0,185.0,75.0,Orthodox,1984.0,2.7,41.0,3.1,59.0,0.44,26.0,55.0,0.9,68.0,170.0,71.0,Orthodox,1980.0,1.75,51.0,2.04,59.0,3.93,45.0,0.0,4.1
Lavar Johnson,Pat Barry,Heavyweight,KO/TKO,2012.0,EastRutherford,76.0,240.0,82.0,Orthodox,1977.0,5.39,55.0,2.54,55.0,0.61,66.0,54.0,0.6,71.0,235.0,74.0,Orthodox,1979.0,2.72,52.0,3.54,59.0,0.0,0.0,76.0,0.2
Michael Johnson,Tony Ferguson,Lightweight,U-DEC,2012.0,EastRutherford,70.0,155.0,73.0,Southpaw,1986.0,4.2,38.0,3.91,58.0,0.5,43.0,79.0,0.1,71.0,155.0,76.0,Orthodox,1984.0,5.07,45.0,3.95,58.0,0.44,41.0,66.0,1.0
John Dodson,Tim Elliott,Flyweight,U-DEC,2012.0,EastRutherford,63.0,135.0,66.0,Orthodox,1984.0,3.2,40.0,3.58,61.0,0.71,28.0,82.0,0.0,67.0,125.0,66.0,Southpaw,1986.0,3.58,44.0,2.86,56.0,3.73,44.0,61.0,1.0
John Hathaway,Pascal Krauss,Welterweight,U-DEC,2012.0,EastRutherford,73.0,170.0,75.0,Orthodox,1987.0,3.4,40.0,1.8,62.0,2.61,43.0,60.0,0.9,73.0,170.0,--,Orthodox,1987.0,5.45,47.0,3.88,59.0,1.53,50.0,60.0,0.9
Louis Gaudinot,John Lineker,Flyweight,SUB,2012.0,EastRutherford,63.0,125.0,63.0,Orthodox,1984.0,2.34,37.0,6.42,48.0,0.57,40.0,31.0,1.1,63.0,135.0,67.0,Orthodox,1990.0,5.36,40.0,4.27,56.0,0.56,58.0,67.0,0.6
Danny Castillo,John Cholish,Lightweight,U-DEC,2012.0,EastRutherford,69.0,155.0,71.0,Orthodox,1979.0,2.57,42.0,1.96,62.0,2.95,38.0,63.0,0.2,71.0,155.0,74.0,Orthodox,1983.0,2.65,49.0,2.29,73.0,1.82,31.0,78.0,0.4
Dennis Bermudez,Pablo Garza,Featherweight,U-DEC,2012.0,EastRutherford,66.0,155.0,66.0,Orthodox,1986.0,4.42,46.0,3.07,59.0,3.89,40.0,82.0,1.1,73.0,145.0,73.0,Orthodox,1983.0,3.37,44.0,2.7,50.0,0.94,25.0,15.0,1.3
Roland Delorme,Nick Denis,Bantamweight,SUB,2012.0,EastRutherford,69.0,135.0,71.0,Orthodox,1983.0,2.28,44.0,4.32,40.0,2.51,34.0,42.0,1.6,67.0,135.0,--,Orthodox,1983.0,6.54,53.0,5.42,36.0,2.8,100.0,80.0,0.0
Karlos Vemola,Mike Massenzio,Middleweight,SUB,2012.0,EastRutherford,72.0,185.0,75.0,Orthodox,1985.0,1.67,44.0,2.13,37.0,1.93,25.0,31.0,1.7,74.0,185.0,73.0,Southpaw,1982.0,2.08,45.0,3.59,54.0,2.74,24.0,50.0,1.4
Jon Jones,Rashad Evans,Light Heavyweight,U-DEC,2012.0,Atlanta,76.0,205.0,84.0,Orthodox,1987.0,4.3,57.0,2.22,64.0,1.85,44.0,95.0,0.4,72.0,205.0,75.0,Orthodox,1979.0,2.14,37.0,2.42,63.0,2.98,44.0,73.0,0.0
Rory MacDonald,Che Mills,Welterweight,KO/TKO,2012.0,Atlanta,72.0,170.0,76.0,Orthodox,1989.0,3.75,42.0,2.8,62.0,1.77,47.0,88.0,0.4,73.0,170.0,76.0,Orthodox,1982.0,2.08,52.0,2.87,43.0,1.18,66.0,58.0,0.0
Ben Rothwell,Brendan Schaub,Heavyweight,KO/TKO,2012.0,Atlanta,76.0,265.0,78.0,Orthodox,1981.0,3.71,42.0,4.63,47.0,0.68,34.0,70.0,0.4,76.0,245.0,78.0,Orthodox,1983.0,2.92,37.0,2.22,57.0,2.32,46.0,72.0,0.4
Michael McDonald,Miguel Torres,Bantamweight,KO/TKO,2012.0,Atlanta,69.0,135.0,70.0,Orthodox,1991.0,2.69,42.0,2.76,57.0,1.09,66.0,52.0,1.4,69.0,135.0,76.0,Orthodox,1981.0,3.98,43.0,1.86,74.0,0.0,0.0,17.0,1.6
Eddie Yagin,Mark Hominick,Featherweight,S-DEC,2012.0,Atlanta,67.0,145.0,--,Orthodox,1979.0,3.13,30.0,5.77,42.0,0.0,0.0,62.0,1.0,68.0,145.0,68.0,Orthodox,1982.0,4.08,42.0,4.18,69.0,0.25,66.0,71.0,0.9
Mark Bocek,John Alessio,Lightweight,U-DEC,2012.0,Atlanta,68.0,155.0,75.0,Orthodox,1981.0,2.34,43.0,2.32,60.0,3.65,36.0,31.0,1.3,70.0,155.0,72.0,Orthodox,1979.0,2.1,39.0,2.91,54.0,1.85,38.0,70.0,1.2
Travis Browne,Chad Griggs,Heavyweight,SUB,2012.0,Atlanta,78.0,255.0,79.0,Orthodox,1982.0,2.93,41.0,4.31,42.0,1.21,68.0,75.0,0.2,73.0,205.0,73.0,Orthodox,1978.0,2.67,50.0,2.22,46.0,1.51,66.0,41.0,0.0
Matt Brown,Stephen Thompson,Welterweight,U-DEC,2012.0,Atlanta,72.0,170.0,75.0,Orthodox,1981.0,3.77,55.0,2.94,54.0,1.71,46.0,64.0,1.3,72.0,170.0,75.0,Orthodox,1983.0,3.9,43.0,2.81,56.0,0.29,41.0,63.0,0.0
Anthony Njokuani,John Makdessi,Lightweight,U-DEC,2012.0,Atlanta,73.0,155.0,75.0,Orthodox,1980.0,3.94,46.0,2.41,65.0,0.5,45.0,53.0,0.2,68.0,155.0,68.0,Orthodox,1985.0,5.52,50.0,4.04,69.0,0.0,0.0,85.0,0.0
Mac Danzig,Efrain Escudero,Lightweight,U-DEC,2012.0,Atlanta,68.0,155.0,70.0,Orthodox,1980.0,3.39,48.0,3.44,57.0,1.2,37.0,46.0,0.6,69.0,155.0,71.0,Orthodox,1986.0,2.92,44.0,2.3,63.0,1.31,40.0,66.0,0.8
Chris Clements,Keith Wisniewski,Welterweight,S-DEC,2012.0,Atlanta,70.0,170.0,70.0,Orthodox,1976.0,3.2,49.0,2.37,44.0,0.0,0.0,32.0,0.3,72.0,170.0,--,Orthodox,1981.0,2.32,52.0,4.86,42.0,1.57,40.0,78.0,0.3
Marcus Brimage,Maximo Blanco,Featherweight,S-DEC,2012.0,Atlanta,64.0,135.0,71.0,Southpaw,1985.0,3.97,35.0,3.64,56.0,0.56,100.0,80.0,0.0,68.0,145.0,71.0,Orthodox,1983.0,4.11,44.0,3.19,66.0,1.85,36.0,63.0,0.3
Alexander Gustafsson,Thiago Silva,Light Heavyweight,U-DEC,2012.0,Stockholm,77.0,205.0,79.0,Orthodox,1987.0,4.03,40.0,3.53,51.0,1.53,39.0,83.0,0.4,74.0,205.0,74.0,Orthodox,1982.0,3.92,50.0,2.55,67.0,1.03,47.0,70.0,0.7
Brian Stann,Alessio Sakara,Middleweight,KO/TKO,2012.0,Stockholm,73.0,205.0,74.0,Orthodox,1980.0,3.28,42.0,2.65,59.0,0.12,12.0,60.0,0.3,72.0,185.0,72.0,Orthodox,1981.0,3.96,47.0,2.8,59.0,2.18,78.0,62.0,0.0
Siyar Bahadurzada,Paulo Thiago,Welterweight,KO/TKO,2012.0,Stockholm,71.0,170.0,73.0,Orthodox,1984.0,2.91,40.0,3.23,49.0,1.32,61.0,62.0,0.3,71.0,170.0,74.0,Orthodox,1981.0,1.71,39.0,1.99,63.0,1.42,31.0,63.0,1.2
Dennis Siver,Diego Nunes,Featherweight,U-DEC,2012.0,Stockholm,66.0,145.0,70.0,Orthodox,1979.0,3.87,32.0,2.67,65.0,0.87,32.0,65.0,0.3,66.0,145.0,67.0,Orthodox,1982.0,2.72,43.0,2.59,58.0,1.18,44.0,65.0,0.6
John Maguire,DaMarques Johnson,Welterweight,SUB,2012.0,Stockholm,69.0,155.0,69.0,Southpaw,1983.0,1.41,41.0,2.44,65.0,2.8,46.0,77.0,1.1,73.0,170.0,75.0,Orthodox,1982.0,2.11,37.0,3.75,51.0,1.18,55.0,19.0,0.7
Brad Pickett,Damacio Page,Bantamweight,SUB,2012.0,Stockholm,66.0,135.0,68.0,Orthodox,1978.0,3.02,31.0,4.63,55.0,2.47,44.0,58.0,0.4,66.0,135.0,66.0,Orthodox,1982.0,2.05,38.0,2.47,51.0,2.63,64.0,23.0,0.9
James Head,Papy Abedi,Welterweight,SUB,2012.0,Stockholm,73.0,170.0,73.0,Orthodox,1984.0,2.75,48.0,3.11,49.0,0.41,100.0,66.0,0.8,71.0,185.0,--,Southpaw,1978.0,2.8,55.0,3.15,48.0,3.47,57.0,50.0,1.3
Cyrille Diabate,Tom DeBlass,Light Heavyweight,M-DEC,2012.0,Stockholm,78.0,205.0,81.0,Southpaw,1973.0,4.06,71.0,1.78,60.0,1.17,83.0,53.0,0.2,72.0,185.0,--,Orthodox,1982.0,1.5,35.0,4.43,37.0,1.0,50.0,28.0,0.5
Francis Carmont,Magnus Cedenblad,Middleweight,SUB,2012.0,Stockholm,75.0,205.0,78.0,Orthodox,1981.0,2.22,42.0,1.64,59.0,1.79,36.0,73.0,0.6,77.0,185.0,79.0,Orthodox,1982.0,2.38,51.0,3.02,40.0,2.87,64.0,66.0,1.0
Reza Madadi,Yoislandy Izquierdo,Lightweight,SUB,2012.0,Stockholm,71.0,155.0,73.0,Orthodox,1978.0,2.51,46.0,3.31,66.0,3.17,33.0,89.0,0.5,71.0,155.0,--,Southpaw,1984.0,2.93,52.0,1.4,26.0,0.0,0.0,50.0,0.0
Simeon Thoresen,Besam Yousef,Welterweight,SUB,2012.0,Stockholm,73.0,170.0,79.0,Orthodox,1984.0,3.85,43.0,3.85,64.0,1.12,40.0,50.0,1.7,71.0,170.0,--,Orthodox,1985.0,3.14,53.0,3.98,38.0,1.33,66.0,50.0,0.0
Jason Young,Eric Wisely,Featherweight,U-DEC,2012.0,Stockholm,69.0,145.0,73.0,Orthodox,1986.0,2.97,37.0,3.2,50.0,1.98,66.0,55.0,0.0,68.0,145.0,--,Southpaw,1984.0,1.42,47.0,2.08,56.0,0.0,0.0,27.0,0.9
Martin Kampmann,Thiago Alves,Welterweight,SUB,2012.0,Sydney,72.0,170.0,72.0,Orthodox,1982.0,3.22,42.0,3.28,62.0,1.86,41.0,78.0,2.0,69.0,170.0,70.0,Orthodox,1983.0,3.73,41.0,3.42,62.0,0.71,60.0,63.0,0.3
Joseph Benavidez,Yasuhiro Urushitani,Flyweight,KO/TKO,2012.0,Sydney,64.0,125.0,65.0,Southpaw,1984.0,3.52,34.0,2.67,61.0,1.41,30.0,62.0,0.6,65.0,125.0,--,Southpaw,1976.0,3.47,39.0,4.71,65.0,0.0,0.0,80.0,0.0
Demetrious Johnson,Ian McCall,Flyweight,M-DEC,2012.0,Sydney,63.0,125.0,66.0,Orthodox,1986.0,3.43,54.0,1.66,67.0,3.35,56.0,65.0,0.5,65.0,125.0,64.0,Orthodox,1984.0,3.59,39.0,3.25,67.0,2.08,30.0,88.0,0.0
Constantinos Philippou,Court McGee,Middleweight,U-DEC,2012.0,Sydney,71.0,185.0,73.0,Orthodox,1979.0,2.19,35.0,2.73,54.0,0.4,42.0,65.0,0.3,71.0,170.0,75.0,Orthodox,1984.0,4.68,37.0,3.69,60.0,1.86,25.0,69.0,0.5
James Te Huna,Aaron Rosa,Light Heavyweight,KO/TKO,2012.0,Sydney,74.0,185.0,75.0,Orthodox,1981.0,4.04,51.0,2.99,62.0,2.75,37.0,58.0,0.2,76.0,205.0,77.0,Orthodox,1983.0,4.03,47.0,4.41,45.0,0.36,33.0,85.0,0.4
Anthony Perosh,Nick Penner,Light Heavyweight,KO/TKO,2012.0,Sydney,75.0,205.0,75.0,Orthodox,1972.0,2.27,43.0,3.77,53.0,2.03,22.0,33.0,1.1,76.0,205.0,--,Southpaw,1980.0,1.25,30.0,4.6,38.0,0.0,0.0,40.0,0.0
Steven Siler,Cole Miller,Featherweight,U-DEC,2012.0,Sydney,71.0,145.0,70.0,Orthodox,1987.0,3.21,41.0,2.96,54.0,0.47,21.0,55.0,1.6,73.0,145.0,73.0,Orthodox,1984.0,3.0,33.0,3.88,59.0,0.6,36.0,38.0,1.8
Andrew Craig,Kyle Noke,Middleweight,U-DEC,2012.0,Sydney,73.0,170.0,76.0,Orthodox,1986.0,2.39,40.0,3.01,50.0,0.53,37.0,72.0,0.0,73.0,170.0,76.0,Southpaw,1980.0,3.23,50.0,2.09,64.0,1.53,54.0,66.0,0.8
TJ Waldburger,Jake Hecht,Welterweight,SUB,2012.0,Sydney,71.0,170.0,75.0,Orthodox,1988.0,2.02,51.0,2.39,40.0,3.03,46.0,40.0,4.8,72.0,170.0,73.0,Orthodox,1984.0,3.26,47.0,2.76,56.0,2.04,37.0,40.0,0.0
Daniel Pineda,Mackens Semerzier,Featherweight,SUB,2012.0,Sydney,67.0,145.0,69.0,Orthodox,1985.0,3.35,48.0,2.97,45.0,1.42,22.0,42.0,1.6,69.0,145.0,72.0,Orthodox,1980.0,2.91,45.0,3.48,46.0,2.14,50.0,50.0,2.1
Shawn Jordan,Oli Thompson,Heavyweight,KO/TKO,2012.0,Sydney,72.0,260.0,75.0,Southpaw,1984.0,2.87,50.0,3.3,47.0,1.97,38.0,76.0,0.1,73.0,242.0,--,Orthodox,1980.0,1.66,46.0,5.31,46.0,0.0,0.0,50.0,0.5
Benson Henderson,Frankie Edgar,Lightweight,U-DEC,2012.0,Saitama,69.0,170.0,70.0,Southpaw,1983.0,2.93,45.0,1.79,63.0,2.4,45.0,63.0,0.8,66.0,135.0,68.0,Orthodox,1981.0,3.77,40.0,2.82,65.0,2.29,31.0,65.0,0.3
Ryan Bader,Quinton Jackson,Light Heavyweight,U-DEC,2012.0,Saitama,74.0,205.0,74.0,Orthodox,1983.0,2.82,43.0,1.39,71.0,3.37,44.0,80.0,0.4,73.0,205.0,73.0,Orthodox,1978.0,3.25,54.0,2.51,55.0,1.52,56.0,73.0,0.1
Mark Hunt,Cheick Kongo,Heavyweight,KO/TKO,2012.0,Saitama,70.0,265.0,72.0,Orthodox,1974.0,2.81,43.0,2.9,51.0,0.51,55.0,64.0,0.2,76.0,240.0,82.0,Orthodox,1975.0,3.33,56.0,1.28,54.0,2.3,56.0,52.0,0.2
Jake Shields,Yoshihiro Akiyama,Welterweight,U-DEC,2012.0,Saitama,72.0,170.0,72.0,Orthodox,1979.0,2.45,36.0,1.8,56.0,2.83,29.0,35.0,1.2,70.0,170.0,75.0,Orthodox,1975.0,3.1,41.0,3.62,57.0,2.29,67.0,92.0,1.0
Tim Boetsch,Yushin Okami,Middleweight,KO/TKO,2012.0,Saitama,72.0,185.0,74.0,Orthodox,1981.0,2.93,50.0,2.9,57.0,1.45,34.0,59.0,0.8,74.0,170.0,75.0,Southpaw,1981.0,2.06,38.0,2.25,60.0,1.98,39.0,84.0,0.5
Hatsu Hioki,Bart Palaszewski,Featherweight,U-DEC,2012.0,Saitama,71.0,145.0,73.0,Orthodox,1983.0,2.42,42.0,2.12,65.0,2.55,56.0,54.0,0.6,69.0,145.0,70.0,Orthodox,1983.0,2.67,32.0,3.97,57.0,0.65,31.0,53.0,0.5
Anthony Pettis,Joe Lauzon,Lightweight,KO/TKO,2012.0,Saitama,70.0,155.0,72.0,Orthodox,1987.0,3.05,47.0,3.44,54.0,0.61,50.0,60.0,1.1,70.0,155.0,71.0,Orthodox,1984.0,2.84,39.0,5.39,54.0,2.39,45.0,54.0,2.0
Takanori Gomi,Eiji Mitsuoka,Lightweight,KO/TKO,2012.0,Saitama,67.0,155.0,70.0,Southpaw,1978.0,3.81,41.0,3.52,60.0,1.23,65.0,63.0,0.8,67.0,145.0,--,Southpaw,1976.0,1.49,49.0,2.26,45.0,2.3,36.0,20.0,1.6
Vaughan Lee,Norifumi Yamamoto,Bantamweight,SUB,2012.0,Saitama,66.0,125.0,66.0,Orthodox,1982.0,3.47,47.0,2.07,70.0,0.81,33.0,72.0,1.0,64.0,135.0,66.0,Southpaw,1977.0,2.09,45.0,2.01,57.0,0.41,22.0,45.0,0.0
Riki Fukuda,Steve Cantwell,Middleweight,U-DEC,2012.0,Saitama,72.0,185.0,73.0,Southpaw,1981.0,4.24,43.0,3.71,64.0,2.17,43.0,70.0,0.0,74.0,185.0,75.0,Orthodox,1986.0,3.63,34.0,5.76,55.0,0.65,30.0,80.0,0.7
Chris Cariaso,Takeya Mizugaki,Bantamweight,U-DEC,2012.0,Saitama,63.0,125.0,64.0,Southpaw,1981.0,3.35,43.0,2.23,61.0,1.11,39.0,57.0,0.8,67.0,135.0,69.0,Orthodox,1983.0,3.37,37.0,3.27,57.0,1.46,57.0,70.0,0.1
Issei Tamura,Zhang Tiequan,Featherweight,KO/TKO,2012.0,Saitama,65.0,135.0,63.0,Orthodox,1984.0,1.89,53.0,4.58,44.0,0.92,25.0,33.0,0.0,68.0,155.0,69.0,Orthodox,1978.0,1.23,36.0,2.14,51.0,1.95,58.0,75.0,3.4
Jake Ellenberger,Diego Sanchez,Welterweight,U-DEC,2012.0,Omaha,69.0,170.0,71.0,Orthodox,1985.0,2.47,39.0,2.83,60.0,2.04,47.0,86.0,0.4,70.0,170.0,72.0,Southpaw,1981.0,2.69,37.0,3.02,56.0,1.51,24.0,46.0,0.8
Stefan Struve,Dave Herman,Heavyweight,KO/TKO,2012.0,Omaha,83.0,265.0,84.0,Orthodox,1988.0,3.12,47.0,4.04,46.0,0.56,46.0,55.0,1.7,76.0,242.0,77.0,Orthodox,1984.0,4.98,60.0,3.78,48.0,1.49,100.0,58.0,0.0
Ronny Markes,Aaron Simpson,Middleweight,S-DEC,2012.0,Omaha,73.0,185.0,75.0,Orthodox,1988.0,2.17,53.0,2.43,45.0,3.13,40.0,100.0,0.5,72.0,170.0,73.0,Orthodox,1974.0,3.6,52.0,2.53,56.0,3.78,34.0,83.0,0.5
Stipe Miocic,Philip De Fries,Heavyweight,KO/TKO,2012.0,Omaha,76.0,240.0,80.0,Orthodox,1982.0,4.82,53.0,3.82,54.0,1.86,34.0,68.0,0.0,77.0,250.0,79.0,Orthodox,1986.0,2.3,47.0,3.0,37.0,3.29,42.0,100.0,0.6
TJ Dillashaw,Walel Watson,Bantamweight,U-DEC,2012.0,Omaha,66.0,135.0,67.0,Orthodox,1986.0,5.09,41.0,3.47,62.0,1.56,30.0,77.0,0.8,71.0,135.0,75.0,Orthodox,1984.0,2.1,29.0,3.79,43.0,0.0,0.0,61.0,1.4
Ivan Menjivar,John Albert,Bantamweight,SUB,2012.0,Omaha,66.0,145.0,64.0,Orthodox,1982.0,2.78,37.0,2.76,65.0,0.56,28.0,38.0,1.0,68.0,135.0,68.0,Orthodox,1986.0,3.05,49.0,2.82,35.0,0.0,0.0,50.0,6.1
Jonathan Brookins,Vagner Rocha,Featherweight,KO/TKO,2012.0,Omaha,72.0,145.0,74.0,Southpaw,1985.0,2.69,39.0,3.63,56.0,1.94,17.0,80.0,0.3,70.0,155.0,73.0,Orthodox,1982.0,2.64,42.0,4.5,48.0,1.4,33.0,50.0,1.9
Justin Salas,Anton Kuivanen,Lightweight,U-DEC,2012.0,Omaha,68.0,155.0,70.0,Southpaw,1982.0,3.42,43.0,2.96,68.0,2.43,20.0,0.0,0.0,68.0,155.0,72.0,Orthodox,1984.0,2.27,38.0,1.63,67.0,1.2,100.0,71.0,0.4
Tim Means,Bernardo Magalhaes,Lightweight,U-DEC,2012.0,Omaha,74.0,170.0,75.0,Orthodox,1984.0,4.91,48.0,3.58,60.0,1.13,41.0,65.0,0.2,69.0,155.0,--,Orthodox,1981.0,1.8,27.0,3.37,68.0,0.0,0.0,0.0,0.5
Carlos Condit,Nick Diaz,Welterweight,U-DEC,2012.0,LasVegas,74.0,170.0,75.0,Orthodox,1984.0,3.66,39.0,2.67,55.0,0.59,46.0,38.0,1.0,73.0,170.0,76.0,Southpaw,1983.0,5.71,42.0,3.84,59.0,1.28,32.0,60.0,1.0
Fabricio Werdum,Roy Nelson,Heavyweight,U-DEC,2012.0,LasVegas,76.0,231.0,77.0,Orthodox,1977.0,3.59,52.0,2.64,55.0,1.75,31.0,31.0,1.2,72.0,263.0,73.0,Orthodox,1976.0,2.18,36.0,4.79,46.0,1.14,27.0,65.0,0.1
Josh Koscheck,Mike Pierce,Welterweight,S-DEC,2012.0,LasVegas,70.0,170.0,73.0,Orthodox,1977.0,1.79,36.0,2.27,63.0,2.46,48.0,64.0,0.4,68.0,170.0,71.0,Orthodox,1980.0,2.62,42.0,2.36,62.0,3.08,42.0,71.0,0.2
Renan Barao,Scott Jorgensen,Bantamweight,U-DEC,2012.0,LasVegas,66.0,145.0,70.0,Orthodox,1987.0,3.78,36.0,3.9,57.0,1.49,41.0,91.0,0.5,65.0,135.0,66.0,Orthodox,1982.0,3.37,40.0,3.41,65.0,2.61,45.0,59.0,0.7
Ed Herman,Clifford Starks,Middleweight,SUB,2012.0,LasVegas,73.0,205.0,77.0,Orthodox,1980.0,3.28,48.0,3.52,42.0,2.08,48.0,59.0,1.1,72.0,185.0,78.0,Orthodox,1981.0,1.94,33.0,2.49,58.0,1.94,100.0,60.0,0.0
Dustin Poirier,Max Holloway,Featherweight,SUB,2012.0,LasVegas,69.0,155.0,72.0,Southpaw,1989.0,5.51,50.0,4.25,54.0,1.39,36.0,63.0,1.2,71.0,145.0,69.0,Orthodox,1991.0,7.24,47.0,4.89,59.0,0.29,53.0,84.0,0.3
Edwin Figueroa,Alex Caceres,Bantamweight,S-DEC,2012.0,LasVegas,67.0,135.0,69.0,Orthodox,1984.0,2.57,39.0,3.06,51.0,0.2,100.0,37.0,0.6,70.0,145.0,73.0,Southpaw,1988.0,4.15,51.0,2.92,64.0,0.58,70.0,64.0,0.8
Matt Brown,Chris Cope,Welterweight,KO/TKO,2012.0,LasVegas,72.0,170.0,75.0,Orthodox,1981.0,3.77,55.0,2.94,54.0,1.71,46.0,64.0,1.3,72.0,170.0,72.0,Orthodox,1983.0,3.96,26.0,4.82,50.0,0.0,0.0,80.0,0.0
Matthew Riddle,Henry Martinez,Welterweight,S-DEC,2012.0,LasVegas,73.0,170.0,76.0,Southpaw,1986.0,3.01,42.0,2.74,54.0,3.51,50.0,89.0,0.5,67.0,155.0,69.0,Southpaw,1983.0,2.79,25.0,4.01,60.0,0.0,0.0,80.0,0.0
Rafael Natal,Michael Kuiper,Middleweight,U-DEC,2012.0,LasVegas,72.0,185.0,77.0,Orthodox,1982.0,3.1,47.0,2.48,57.0,2.55,34.0,77.0,0.5,72.0,185.0,73.0,Orthodox,1989.0,3.28,54.0,3.62,54.0,2.3,55.0,79.0,0.0
Stephen Thompson,Dan Stittgen,Welterweight,KO/TKO,2012.0,LasVegas,72.0,170.0,75.0,Orthodox,1983.0,3.9,43.0,2.81,56.0,0.29,41.0,63.0,0.0,73.0,170.0,--,Orthodox,1980.0,2.97,46.0,4.42,37.0,0.78,100.0,100.0,0.0
Rashad Evans,Phil Davis,Light Heavyweight,U-DEC,2012.0,Chicago,72.0,205.0,75.0,Orthodox,1979.0,2.14,37.0,2.42,63.0,2.98,44.0,73.0,0.0,74.0,205.0,79.0,Orthodox,1984.0,2.85,34.0,1.33,72.0,2.99,38.0,72.0,0.6
Chael Sonnen,Michael Bisping,Middleweight,U-DEC,2012.0,Chicago,73.0,205.0,73.0,Southpaw,1977.0,3.08,43.0,1.1,62.0,3.81,59.0,66.0,0.4,73.0,185.0,75.0,Orthodox,1979.0,4.33,38.0,2.71,65.0,1.05,43.0,63.0,0.3
Chris Weidman,Demian Maia,Middleweight,U-DEC,2012.0,Chicago,74.0,185.0,78.0,Orthodox,1984.0,3.03,43.0,3.14,52.0,3.92,47.0,65.0,0.9,73.0,170.0,72.0,Southpaw,1977.0,1.8,43.0,2.07,63.0,2.49,24.0,61.0,1.0
Evan Dunham,Nik Lentz,Lightweight,KO/TKO,2012.0,Chicago,70.0,155.0,70.0,Southpaw,1981.0,5.33,39.0,3.54,61.0,1.82,33.0,79.0,1.0,68.0,145.0,68.0,Orthodox,1984.0,3.44,47.0,3.25,50.0,3.3,32.0,43.0,1.2
Mike Russow,Jon Olav Einemo,Heavyweight,U-DEC,2012.0,Chicago,73.0,255.0,73.0,Orthodox,1976.0,1.55,47.0,2.9,59.0,4.66,43.0,0.0,0.7,78.0,253.0,--,Orthodox,1975.0,2.15,52.0,3.05,52.0,1.73,55.0,43.0,0.0
Cub Swanson,George Roop,Featherweight,KO/TKO,2012.0,Chicago,68.0,135.0,70.0,Orthodox,1983.0,4.68,50.0,3.73,60.0,1.09,52.0,61.0,0.4,73.0,135.0,72.0,Orthodox,1981.0,3.43,34.0,2.47,60.0,1.05,57.0,59.0,0.1
Charles Oliveira,Eric Wisely,Featherweight,SUB,2012.0,Chicago,70.0,155.0,74.0,Orthodox,1989.0,3.48,53.0,3.2,51.0,2.37,40.0,55.0,2.8,68.0,145.0,--,Southpaw,1984.0,1.42,47.0,2.08,56.0,0.0,0.0,27.0,0.9
Michael Johnson,Shane Roller,Lightweight,U-DEC,2012.0,Chicago,70.0,155.0,73.0,Southpaw,1986.0,4.2,38.0,3.91,58.0,0.5,43.0,79.0,0.1,70.0,155.0,72.0,Orthodox,1979.0,2.04,34.0,2.65,60.0,2.46,33.0,42.0,1.9
Lavar Johnson,Joey Beltran,Heavyweight,KO/TKO,2012.0,Chicago,76.0,240.0,82.0,Orthodox,1977.0,5.39,55.0,2.54,55.0,0.61,66.0,54.0,0.6,73.0,185.0,75.0,Orthodox,1981.0,4.92,36.0,5.27,54.0,0.48,18.0,75.0,0.0
Chris Camozzi,Dustin Jacoby,Middleweight,SUB,2012.0,Chicago,74.0,185.0,75.0,Orthodox,1986.0,3.57,44.0,2.96,56.0,0.27,19.0,57.0,0.5,75.0,205.0,76.0,Orthodox,1988.0,5.58,46.0,3.98,60.0,0.34,30.0,58.0,0.0
Jim Miller,Melvin Guillard,Lightweight,SUB,2012.0,Nashville,68.0,155.0,71.0,Southpaw,1983.0,2.79,41.0,2.93,58.0,1.62,43.0,47.0,1.8,69.0,155.0,71.0,Orthodox,1983.0,2.96,40.0,1.85,66.0,1.3,63.0,61.0,0.2
Josh Neer,Duane Ludwig,Welterweight,SUB,2012.0,Nashville,71.0,170.0,72.0,Orthodox,1983.0,3.29,46.0,3.63,58.0,1.09,34.0,46.0,1.3,70.0,170.0,70.0,Orthodox,1978.0,4.62,44.0,3.05,57.0,0.43,25.0,59.0,0.1
Mike Easton,Jared Papazian,Bantamweight,M-DEC,2012.0,Nashville,66.0,135.0,70.0,Southpaw,1984.0,3.51,37.0,4.28,61.0,0.75,22.0,66.0,0.0,68.0,135.0,67.0,Southpaw,1988.0,3.33,39.0,3.81,44.0,0.0,0.0,50.0,0.0
Pat Barry,Christian Morecraft,Heavyweight,KO/TKO,2012.0,Nashville,71.0,235.0,74.0,Orthodox,1979.0,2.72,52.0,3.54,59.0,0.0,0.0,76.0,0.2,78.0,260.0,81.0,Orthodox,1986.0,2.82,34.0,2.46,46.0,3.26,66.0,50.0,2.2
Jorge Rivera,Eric Schafer,Middleweight,KO/TKO,2012.0,Nashville,73.0,185.0,73.0,Orthodox,1972.0,3.16,48.0,2.64,54.0,0.84,50.0,63.0,0.1,75.0,185.0,76.0,Orthodox,1977.0,1.89,34.0,3.38,56.0,1.81,36.0,50.0,1.8
Khabib Nurmagomedov,Kamal Shalorus,Lightweight,SUB,2012.0,Nashville,70.0,155.0,70.0,Orthodox,1988.0,4.1,48.0,1.75,65.0,5.32,48.0,84.0,0.8,68.0,155.0,68.0,Orthodox,1972.0,3.06,32.0,2.99,70.0,2.07,50.0,80.0,0.0
Charlie Brenneman,Daniel Roberts,Welterweight,U-DEC,2012.0,Nashville,70.0,155.0,70.0,Orthodox,1981.0,1.52,56.0,1.55,46.0,4.23,42.0,72.0,0.0,70.0,170.0,74.0,Southpaw,1980.0,0.73,20.0,2.27,46.0,2.46,44.0,40.0,2.5
Fabricio Camoes,Tommy Hayden,Lightweight,SUB,2012.0,Nashville,70.0,155.0,71.0,Orthodox,1978.0,1.29,33.0,1.85,61.0,2.34,32.0,20.0,1.5,69.0,145.0,--,Southpaw,1986.0,1.48,27.0,2.05,55.0,3.42,33.0,66.0,0.0
Daniel Pineda,Pat Schilling,Featherweight,SUB,2012.0,Nashville,67.0,145.0,69.0,Orthodox,1985.0,3.35,48.0,2.97,45.0,1.42,22.0,42.0,1.6,68.0,145.0,--,Orthodox,1988.0,1.87,26.0,8.24,52.0,0.0,0.0,0.0,0.0
Nick Denis,Joseph Sandoval,Bantamweight,KO/TKO,2012.0,Nashville,67.0,135.0,--,Orthodox,1983.0,6.54,53.0,5.42,36.0,2.8,100.0,80.0,0.0,67.0,135.0,--,Southpaw,1986.0,1.82,42.0,12.12,60.0,0.0,0.0,0.0,0.0
Jose Aldo,Chad Mendes,Featherweight,KO/TKO,2012.0,RiodeJaneiro,67.0,135.0,70.0,Orthodox,1986.0,3.57,46.0,3.74,60.0,0.49,54.0,91.0,0.1,66.0,145.0,66.0,Orthodox,1985.0,2.78,49.0,2.35,67.0,4.13,55.0,100.0,0.3
Vitor Belfort,Anthony Johnson,Middleweight,SUB,2012.0,RiodeJaneiro,72.0,185.0,74.0,Southpaw,1977.0,1.59,46.0,2.83,50.0,1.02,60.0,53.0,0.6,74.0,205.0,78.0,Orthodox,1984.0,3.25,47.0,1.83,60.0,2.43,57.0,77.0,0.6
Rousimar Palhares,Mike Massenzio,Middleweight,SUB,2012.0,RiodeJaneiro,68.0,170.0,71.0,Orthodox,1980.0,1.75,51.0,2.04,59.0,3.93,45.0,0.0,4.1,74.0,185.0,73.0,Southpaw,1982.0,2.08,45.0,3.59,54.0,2.74,24.0,50.0,1.4
Carlo Prater,Erick Silva,Welterweight,DQ,2012.0,RiodeJaneiro,71.0,155.0,72.0,Switch,1981.0,2.03,47.0,4.07,35.0,0.43,9.0,57.0,1.7,72.0,170.0,74.0,Orthodox,1984.0,2.5,48.0,4.18,49.0,0.85,35.0,56.0,1.4
Edson Barboza,Terry Etim,Lightweight,KO/TKO,2012.0,RiodeJaneiro,71.0,145.0,75.0,Orthodox,1986.0,3.96,44.0,4.1,58.0,0.38,44.0,75.0,0.1,73.0,155.0,73.0,Orthodox,1986.0,2.16,35.0,2.53,67.0,0.43,30.0,39.0,1.4
Thiago Tavares,Sam Stout,Lightweight,U-DEC,2012.0,RiodeJaneiro,67.0,145.0,70.0,Orthodox,1984.0,2.0,40.0,2.31,62.0,3.83,42.0,62.0,1.5,69.0,155.0,70.0,Orthodox,1984.0,4.17,28.0,4.08,57.0,0.63,38.0,77.0,0.1
Gabriel Gonzaga,Ednaldo Oliveira,Heavyweight,SUB,2012.0,RiodeJaneiro,74.0,242.0,76.0,Orthodox,1979.0,2.12,45.0,2.94,57.0,2.8,39.0,66.0,1.1,77.0,205.0,--,Orthodox,1984.0,1.03,22.0,1.8,52.0,0.0,0.0,42.0,0.0
Iuri Alcantara,Michihiro Omigawa,Featherweight,U-DEC,2012.0,RiodeJaneiro,69.0,135.0,71.0,Southpaw,1980.0,2.72,45.0,2.79,49.0,1.44,62.0,60.0,0.8,66.0,145.0,68.0,Orthodox,1975.0,2.01,39.0,3.06,64.0,1.19,36.0,49.0,1.5
Mike Pyle,Ricardo Funch,Welterweight,KO/TKO,2012.0,RiodeJaneiro,72.0,170.0,74.0,Orthodox,1975.0,2.74,45.0,2.84,60.0,1.8,35.0,70.0,1.5,70.0,170.0,74.0,Southpaw,1980.0,2.61,65.0,3.57,40.0,1.24,18.0,60.0,0.0
Felipe Arantes,Antonio Carvalho,Featherweight,U-DEC,2012.0,RiodeJaneiro,68.0,135.0,73.0,Orthodox,1988.0,2.37,45.0,2.66,64.0,0.93,47.0,41.0,0.7,69.0,145.0,70.0,Orthodox,1979.0,3.03,29.0,3.62,64.0,0.0,0.0,100.0,0.0
Alistair Overeem,Brock Lesnar,Heavyweight,KO/TKO,2011.0,LasVegas,76.0,265.0,80.0,Orthodox,1980.0,3.67,64.0,2.44,57.0,1.42,55.0,73.0,0.8,75.0,265.0,81.0,Orthodox,1977.0,3.53,72.0,2.11,50.0,3.9,55.0,60.0,0.5
Nate Diaz,Donald Cerrone,Lightweight,U-DEC,2011.0,LasVegas,72.0,170.0,76.0,Southpaw,1985.0,4.57,45.0,3.77,52.0,1.05,30.0,41.0,1.3,73.0,155.0,73.0,Orthodox,1983.0,4.41,46.0,4.48,53.0,1.16,33.0,73.0,1.2
Johny Hendricks,Jon Fitch,Welterweight,KO/TKO,2011.0,LasVegas,69.0,185.0,69.0,Southpaw,1983.0,3.49,45.0,3.99,53.0,3.83,46.0,63.0,0.3,72.0,170.0,74.0,Orthodox,1978.0,2.61,50.0,1.65,54.0,3.6,51.0,56.0,0.8
Alexander Gustafsson,Vladimir Matyushenko,Light Heavyweight,KO/TKO,2011.0,LasVegas,77.0,205.0,79.0,Orthodox,1987.0,4.03,40.0,3.53,51.0,1.53,39.0,83.0,0.4,72.0,205.0,74.0,Orthodox,1971.0,1.9,44.0,1.62,59.0,3.25,46.0,70.0,0.1
Jimy Hettes,Nam Phan,Featherweight,U-DEC,2011.0,LasVegas,69.0,145.0,71.0,Southpaw,1987.0,3.47,57.0,3.5,57.0,5.2,44.0,61.0,1.4,66.0,135.0,70.0,Orthodox,1983.0,4.52,37.0,6.55,59.0,0.18,18.0,60.0,0.2
Ross Pearson,Junior Assuncao,Featherweight,U-DEC,2011.0,LasVegas,68.0,155.0,69.0,Orthodox,1984.0,3.68,40.0,4.09,62.0,0.74,35.0,75.0,0.0,69.0,145.0,72.0,Orthodox,1981.0,3.31,62.0,2.06,44.0,2.43,24.0,66.0,0.7
Danny Castillo,Anthony Njokuani,Lightweight,S-DEC,2011.0,LasVegas,69.0,155.0,71.0,Orthodox,1979.0,2.57,42.0,1.96,62.0,2.95,38.0,63.0,0.2,73.0,155.0,75.0,Orthodox,1980.0,3.94,46.0,2.41,65.0,0.5,45.0,53.0,0.2
Dong Hyun Kim,Sean Pierson,Welterweight,U-DEC,2011.0,LasVegas,74.0,170.0,76.0,Southpaw,1981.0,2.12,49.0,1.89,58.0,2.93,43.0,71.0,0.6,72.0,170.0,76.0,Southpaw,1976.0,3.84,39.0,3.73,64.0,0.39,18.0,66.0,0.4
Jacob Volkmann,Efrain Escudero,Lightweight,U-DEC,2011.0,LasVegas,69.0,155.0,71.0,Southpaw,1980.0,1.19,34.0,1.78,52.0,3.19,48.0,52.0,2.0,69.0,155.0,71.0,Orthodox,1986.0,2.92,44.0,2.3,63.0,1.31,40.0,66.0,0.8
Diego Nunes,Manvel Gamburyan,Featherweight,U-DEC,2011.0,LasVegas,66.0,145.0,67.0,Orthodox,1982.0,2.72,43.0,2.59,58.0,1.18,44.0,65.0,0.6,65.0,135.0,67.0,Orthodox,1981.0,2.13,41.0,2.83,55.0,3.26,34.0,69.0,0.7
Jon Jones,Lyoto Machida,Light Heavyweight,SUB,2011.0,Toronto,76.0,205.0,84.0,Orthodox,1987.0,4.3,57.0,2.22,64.0,1.85,44.0,95.0,0.4,73.0,185.0,74.0,Southpaw,1978.0,2.59,53.0,1.57,61.0,1.21,65.0,75.0,0.4
Frank Mir,Antonio Rodrigo Nogueira,Heavyweight,SUB,2011.0,Toronto,75.0,264.0,79.0,Southpaw,1979.0,2.18,47.0,3.84,38.0,2.02,40.0,54.0,2.0,75.0,240.0,77.0,Orthodox,1976.0,1.95,42.0,2.4,55.0,1.3,29.0,36.0,2.4
Rogerio Nogueira,Tito Ortiz,Light Heavyweight,KO/TKO,2011.0,Toronto,74.0,205.0,75.0,Southpaw,1976.0,2.43,35.0,2.34,59.0,0.64,44.0,62.0,0.8,75.0,205.0,74.0,Orthodox,1975.0,2.59,46.0,2.88,60.0,2.47,35.0,54.0,0.6
Brian Ebersole,Claude Patrick,Welterweight,S-DEC,2011.0,Toronto,72.0,170.0,73.0,Southpaw,1980.0,2.32,49.0,2.14,56.0,1.7,23.0,61.0,0.1,71.0,170.0,75.0,Orthodox,1980.0,1.8,55.0,0.89,69.0,2.32,53.0,84.0,1.7
Chan Sung Jung,Mark Hominick,Featherweight,KO/TKO,2011.0,Toronto,67.0,145.0,72.0,Orthodox,1987.0,3.97,42.0,4.35,52.0,0.74,47.0,72.0,0.7,68.0,145.0,68.0,Orthodox,1982.0,4.08,42.0,4.18,69.0,0.25,66.0,71.0,0.9
Igor Pokrajac,Krzysztof Soszynski,Light Heavyweight,KO/TKO,2011.0,Toronto,72.0,205.0,74.0,Orthodox,1979.0,2.25,45.0,4.26,40.0,0.87,29.0,51.0,0.2,73.0,205.0,77.0,OpenStance,1977.0,3.37,39.0,3.13,58.0,0.52,25.0,71.0,1.0
Constantinos Philippou,Jared Hamman,Middleweight,KO/TKO,2011.0,Toronto,71.0,185.0,73.0,Orthodox,1979.0,2.19,35.0,2.73,54.0,0.4,42.0,65.0,0.3,75.0,185.0,75.0,Orthodox,1982.0,5.15,42.0,3.93,55.0,1.57,46.0,30.0,0.0
Dennis Hallman,John Makdessi,Lightweight,SUB,2011.0,Toronto,69.0,155.0,72.0,Orthodox,1975.0,1.12,44.0,1.96,43.0,1.79,30.0,25.0,2.1,68.0,155.0,68.0,Orthodox,1985.0,5.52,50.0,4.04,69.0,0.0,0.0,85.0,0.0
Yves Jabouin,Walel Watson,Bantamweight,S-DEC,2011.0,Toronto,67.0,135.0,68.0,Orthodox,1979.0,3.06,41.0,2.93,62.0,1.94,60.0,82.0,0.1,71.0,135.0,75.0,Orthodox,1984.0,2.1,29.0,3.79,43.0,0.0,0.0,61.0,1.4
Mark Bocek,Nik Lentz,Lightweight,U-DEC,2011.0,Toronto,68.0,155.0,75.0,Orthodox,1981.0,2.34,43.0,2.32,60.0,3.65,36.0,31.0,1.3,68.0,145.0,68.0,Orthodox,1984.0,3.44,47.0,3.25,50.0,3.3,32.0,43.0,1.2
Jake Hecht,Rich Attonito,Welterweight,KO/TKO,2011.0,Toronto,72.0,170.0,73.0,Orthodox,1984.0,3.26,47.0,2.76,56.0,2.04,37.0,40.0,0.0,70.0,170.0,72.0,Orthodox,1977.0,2.28,47.0,2.13,59.0,0.74,37.0,75.0,0.0
John Cholish,Mitch Clarke,Lightweight,KO/TKO,2011.0,Toronto,71.0,155.0,74.0,Orthodox,1983.0,2.65,49.0,2.29,73.0,1.82,31.0,78.0,0.4,70.0,155.0,73.0,Orthodox,1985.0,2.35,34.0,3.27,47.0,0.64,15.0,50.0,0.4
Michael Bisping,Jason Miller,Middleweight,KO/TKO,2011.0,LasVegas,73.0,185.0,75.0,Orthodox,1979.0,4.33,38.0,2.71,65.0,1.05,43.0,63.0,0.3,73.0,185.0,--,Orthodox,1980.0,1.83,43.0,2.3,49.0,1.31,28.0,43.0,1.3
Diego Brandao,Dennis Bermudez,Featherweight,SUB,2011.0,LasVegas,67.0,145.0,64.0,Orthodox,1987.0,2.94,47.0,3.38,62.0,3.21,68.0,80.0,0.6,66.0,155.0,66.0,Orthodox,1986.0,4.42,46.0,3.07,59.0,3.89,40.0,82.0,1.1
John Dodson,TJ Dillashaw,Bantamweight,KO/TKO,2011.0,LasVegas,63.0,135.0,66.0,Orthodox,1984.0,3.2,40.0,3.58,61.0,0.71,28.0,82.0,0.0,66.0,135.0,67.0,Orthodox,1986.0,5.09,41.0,3.47,62.0,1.56,30.0,77.0,0.8
Tony Ferguson,Yves Edwards,Lightweight,U-DEC,2011.0,LasVegas,71.0,155.0,76.0,Orthodox,1984.0,5.07,45.0,3.95,58.0,0.44,41.0,66.0,1.0,69.0,155.0,73.0,Southpaw,1976.0,2.91,42.0,2.34,66.0,0.76,53.0,69.0,0.7
Johnny Bedford,Louis Gaudinot,Bantamweight,KO/TKO,2011.0,LasVegas,70.0,135.0,71.0,Orthodox,1983.0,4.53,50.0,1.75,63.0,1.83,62.0,62.0,0.0,63.0,125.0,63.0,Orthodox,1984.0,2.34,37.0,6.42,48.0,0.57,40.0,31.0,1.1
Marcus Brimage,Stephen Bass,Featherweight,U-DEC,2011.0,LasVegas,64.0,135.0,71.0,Southpaw,1985.0,3.97,35.0,3.64,56.0,0.56,100.0,80.0,0.0,69.0,145.0,--,Orthodox,1982.0,4.87,52.0,5.87,55.0,0.0,0.0,0.0,0.0
John Albert,Dustin Pague,Bantamweight,KO/TKO,2011.0,LasVegas,68.0,135.0,68.0,Orthodox,1986.0,3.05,49.0,2.82,35.0,0.0,0.0,50.0,6.1,69.0,135.0,74.0,Orthodox,1987.0,1.65,53.0,2.96,41.0,1.03,44.0,55.0,2.6
Roland Delorme,Josh Ferguson,Bantamweight,SUB,2011.0,LasVegas,69.0,135.0,71.0,Orthodox,1983.0,2.28,44.0,4.32,40.0,2.51,34.0,42.0,1.6,65.0,125.0,--,Orthodox,1988.0,2.13,43.0,4.18,32.0,0.59,11.0,54.0,0.0
Steven Siler,Josh Clopton,Featherweight,U-DEC,2011.0,LasVegas,71.0,145.0,70.0,Orthodox,1987.0,3.21,41.0,2.96,54.0,0.47,21.0,55.0,1.6,66.0,145.0,--,Orthodox,1981.0,1.6,64.0,2.87,50.0,2.0,66.0,75.0,0.0
Bryan Caraway,Dustin Neace,Featherweight,SUB,2011.0,LasVegas,68.0,135.0,68.0,Orthodox,1984.0,2.53,34.0,3.61,54.0,2.57,25.0,80.0,0.8,69.0,145.0,--,,1986.0,2.08,32.0,2.66,56.0,0.0,0.0,0.0,1.7
Dan Henderson,Mauricio Rua,Light Heavyweight,U-DEC,2011.0,SanJose,71.0,185.0,74.0,Orthodox,1970.0,2.44,47.0,2.7,51.0,1.52,52.0,57.0,0.3,73.0,205.0,76.0,Orthodox,1981.0,3.57,50.0,2.77,54.0,2.03,48.0,48.0,0.7
Wanderlei Silva,Cung Le,Middleweight,KO/TKO,2011.0,SanJose,71.0,205.0,74.0,Orthodox,1976.0,2.79,40.0,2.19,60.0,0.97,53.0,62.0,0.6,69.0,185.0,70.0,Southpaw,1972.0,4.36,48.0,2.98,66.0,1.37,71.0,88.0,0.3
Urijah Faber,Brian Bowles,Bantamweight,SUB,2011.0,SanJose,66.0,135.0,67.0,Orthodox,1979.0,2.65,40.0,2.59,64.0,1.54,30.0,58.0,0.8,67.0,135.0,70.0,Orthodox,1980.0,2.36,26.0,2.98,64.0,1.39,70.0,54.0,1.4
Martin Kampmann,Rick Story,Welterweight,S-DEC,2011.0,SanJose,72.0,170.0,72.0,Orthodox,1982.0,3.22,42.0,3.28,62.0,1.86,41.0,78.0,2.0,69.0,170.0,71.0,Southpaw,1984.0,3.8,41.0,2.17,62.0,2.53,48.0,63.0,0.9
Stephan Bonnar,Kyle Kingsbury,Light Heavyweight,U-DEC,2011.0,SanJose,76.0,205.0,79.0,Orthodox,1977.0,2.76,38.0,3.01,52.0,1.32,40.0,60.0,1.0,76.0,205.0,79.0,Orthodox,1982.0,2.97,40.0,3.81,51.0,2.64,41.0,52.0,0.0
Ryan Bader,Jason Brilz,Light Heavyweight,KO/TKO,2011.0,SanJose,74.0,205.0,74.0,Orthodox,1983.0,2.82,43.0,1.39,71.0,3.37,44.0,80.0,0.4,71.0,205.0,71.0,Orthodox,1975.0,2.66,40.0,1.78,65.0,2.37,25.0,25.0,1.3
Michael McDonald,Alex Soto,Bantamweight,KO/TKO,2011.0,SanJose,69.0,135.0,70.0,Orthodox,1991.0,2.69,42.0,2.76,57.0,1.09,66.0,52.0,1.4,68.0,135.0,--,Southpaw,1984.0,2.95,25.0,5.02,59.0,2.82,30.0,0.0,0.0
Chris Weidman,Tom Lawlor,Middleweight,SUB,2011.0,SanJose,74.0,185.0,78.0,Orthodox,1984.0,3.03,43.0,3.14,52.0,3.92,47.0,65.0,0.9,72.0,205.0,74.0,Southpaw,1983.0,2.5,42.0,2.41,60.0,2.46,32.0,57.0,1.4
Gleison Tibau,Rafael Dos Anjos,Lightweight,S-DEC,2011.0,SanJose,70.0,155.0,71.0,Southpaw,1983.0,1.95,31.0,2.51,63.0,4.08,53.0,92.0,0.8,68.0,155.0,70.0,Southpaw,1984.0,3.58,46.0,3.23,61.0,1.96,34.0,59.0,0.5
Miguel Torres,Nick Pace,Bantamweight,U-DEC,2011.0,SanJose,69.0,135.0,76.0,Orthodox,1981.0,3.98,43.0,1.86,74.0,0.0,0.0,17.0,1.6,67.0,135.0,68.0,Orthodox,1987.0,1.48,34.0,3.14,57.0,2.52,43.0,54.0,0.5
Seth Baczynski,Matt Brown,Welterweight,SUB,2011.0,SanJose,75.0,170.0,75.0,Orthodox,1981.0,3.08,31.0,3.14,51.0,0.89,16.0,48.0,0.8,72.0,170.0,75.0,Orthodox,1981.0,3.77,55.0,2.94,54.0,1.71,46.0,64.0,1.3
Danny Castillo,Shamar Bailey,Lightweight,KO/TKO,2011.0,SanJose,69.0,155.0,71.0,Orthodox,1979.0,2.57,42.0,1.96,62.0,2.95,38.0,63.0,0.2,69.0,155.0,75.0,Southpaw,1982.0,1.56,20.0,3.91,69.0,1.5,33.0,37.0,0.0
Junior Dos Santos,Cain Velasquez,Heavyweight,KO/TKO,2011.0,Anaheim,76.0,238.0,77.0,Orthodox,1984.0,4.49,47.0,3.33,56.0,0.3,50.0,81.0,0.1,73.0,240.0,77.0,Orthodox,1982.0,6.37,57.0,2.33,57.0,5.13,45.0,85.0,0.4
Benson Henderson,Clay Guida,Lightweight,U-DEC,2011.0,Anaheim,69.0,170.0,70.0,Southpaw,1983.0,2.93,45.0,1.79,63.0,2.4,45.0,63.0,0.8,67.0,155.0,70.0,Orthodox,1981.0,2.52,34.0,2.74,62.0,3.24,37.0,68.0,0.7
Dustin Poirier,Pablo Garza,Featherweight,SUB,2011.0,Anaheim,69.0,155.0,72.0,Southpaw,1989.0,5.51,50.0,4.25,54.0,1.39,36.0,63.0,1.2,73.0,145.0,73.0,Orthodox,1983.0,3.37,44.0,2.7,50.0,0.94,25.0,15.0,1.3
Ricardo Lamas,Cub Swanson,Featherweight,SUB,2011.0,Anaheim,68.0,145.0,71.0,Orthodox,1982.0,3.13,47.0,2.87,57.0,1.84,33.0,46.0,0.9,68.0,135.0,70.0,Orthodox,1983.0,4.68,50.0,3.73,60.0,1.09,52.0,61.0,0.4
DaMarques Johnson,Clay Harvison,Welterweight,KO/TKO,2011.0,Anaheim,73.0,170.0,75.0,Orthodox,1982.0,2.11,37.0,3.75,51.0,1.18,55.0,19.0,0.7,73.0,170.0,74.0,Orthodox,1980.0,3.29,48.0,3.91,58.0,0.66,100.0,68.0,1.3
Darren Uyenoyama,Norifumi Yamamoto,Bantamweight,U-DEC,2011.0,Anaheim,66.0,125.0,65.0,Orthodox,1979.0,1.34,39.0,2.21,66.0,1.42,33.0,35.0,0.7,64.0,135.0,66.0,Southpaw,1977.0,2.09,45.0,2.01,57.0,0.41,22.0,45.0,0.0
Mackens Semerzier,Robert Peralta,Featherweight,Overturned,2011.0,Anaheim,69.0,145.0,72.0,Orthodox,1980.0,2.91,45.0,3.48,46.0,2.14,50.0,50.0,2.1,68.0,145.0,71.0,Orthodox,1986.0,3.76,44.0,2.97,53.0,0.59,66.0,65.0,0.0
Alex Caceres,Cole Escovedo,Bantamweight,U-DEC,2011.0,Anaheim,70.0,145.0,73.0,Southpaw,1988.0,4.15,51.0,2.92,64.0,0.58,70.0,64.0,0.8,67.0,135.0,72.0,Orthodox,1981.0,1.77,43.0,4.32,49.0,0.43,33.0,13.0,0.0
Mike Pierce,Paul Bradley,Welterweight,S-DEC,2011.0,Anaheim,68.0,170.0,71.0,Orthodox,1980.0,2.62,42.0,2.36,62.0,3.08,42.0,71.0,0.2,69.0,170.0,--,Orthodox,1983.0,2.26,32.0,4.13,56.0,1.12,16.0,100.0,0.0
Aaron Rosa,Matt Lucas,Light Heavyweight,M-DEC,2011.0,Anaheim,76.0,205.0,77.0,Orthodox,1983.0,4.03,47.0,4.41,45.0,0.36,33.0,85.0,0.4,73.0,205.0,--,,--,1.27,48.0,3.93,40.0,1.0,10.0,0.0,0.0
Mark Munoz,Chris Leben,Middleweight,KO/TKO,2011.0,Birmingham,72.0,185.0,71.0,Orthodox,1978.0,3.12,51.0,2.26,57.0,3.17,29.0,57.0,0.6,71.0,185.0,73.0,Southpaw,1980.0,2.87,42.0,2.87,52.0,1.14,41.0,53.0,0.8
Renan Barao,Brad Pickett,Bantamweight,SUB,2011.0,Birmingham,66.0,145.0,70.0,Orthodox,1987.0,3.78,36.0,3.9,57.0,1.49,41.0,91.0,0.5,66.0,135.0,68.0,Orthodox,1978.0,3.02,31.0,4.63,55.0,2.47,44.0,58.0,0.4
Thiago Alves,Papy Abedi,Welterweight,SUB,2011.0,Birmingham,69.0,170.0,70.0,Orthodox,1983.0,3.73,41.0,3.42,62.0,0.71,60.0,63.0,0.3,71.0,185.0,--,Southpaw,1978.0,2.8,55.0,3.15,48.0,3.47,57.0,50.0,1.3
Anthony Perosh,Cyrille Diabate,Light Heavyweight,SUB,2011.0,Birmingham,75.0,205.0,75.0,Orthodox,1972.0,2.27,43.0,3.77,53.0,2.03,22.0,33.0,1.1,78.0,205.0,81.0,Southpaw,1973.0,4.06,71.0,1.78,60.0,1.17,83.0,53.0,0.2
Terry Etim,Edward Faaloloto,Lightweight,SUB,2011.0,Birmingham,73.0,155.0,73.0,Orthodox,1986.0,2.16,35.0,2.53,67.0,0.43,30.0,39.0,1.4,--,155.0,70.0,,1984.0,2.28,32.0,6.25,44.0,1.01,25.0,33.0,0.0
John Maguire,Justin Edwards,Welterweight,U-DEC,2011.0,Birmingham,69.0,155.0,69.0,Southpaw,1983.0,1.41,41.0,2.44,65.0,2.8,46.0,77.0,1.1,70.0,155.0,70.0,Orthodox,1983.0,2.68,42.0,3.32,51.0,2.14,26.0,27.0,1.0
Philip De Fries,Rob Broughton,Heavyweight,U-DEC,2011.0,Birmingham,77.0,250.0,79.0,Orthodox,1986.0,2.3,47.0,3.0,37.0,3.29,42.0,100.0,0.6,74.0,265.0,74.0,Orthodox,1983.0,2.83,60.0,2.54,51.0,0.0,0.0,26.0,3.2
Michihiro Omigawa,Jason Young,Featherweight,U-DEC,2011.0,Birmingham,66.0,145.0,68.0,Orthodox,1975.0,2.01,39.0,3.06,64.0,1.19,36.0,49.0,1.5,69.0,145.0,73.0,Orthodox,1986.0,2.97,37.0,3.2,50.0,1.98,66.0,55.0,0.0
Che Mills,Chris Cope,Welterweight,KO/TKO,2011.0,Birmingham,73.0,170.0,76.0,Orthodox,1982.0,2.08,52.0,2.87,43.0,1.18,66.0,58.0,0.0,72.0,170.0,72.0,Orthodox,1983.0,3.96,26.0,4.82,50.0,0.0,0.0,80.0,0.0
Chris Cariaso,Vaughan Lee,Bantamweight,S-DEC,2011.0,Birmingham,63.0,125.0,64.0,Southpaw,1981.0,3.35,43.0,2.23,61.0,1.11,39.0,57.0,0.8,66.0,125.0,66.0,Orthodox,1982.0,3.47,47.0,2.07,70.0,0.81,33.0,72.0,1.0
Nick Diaz,BJ Penn,Welterweight,U-DEC,2011.0,LasVegas,73.0,170.0,76.0,Southpaw,1983.0,5.71,42.0,3.84,59.0,1.28,32.0,60.0,1.0,69.0,155.0,70.0,Orthodox,1978.0,2.76,48.0,3.2,56.0,1.19,55.0,74.0,0.5
Cheick Kongo,Matt Mitrione,Heavyweight,U-DEC,2011.0,LasVegas,76.0,240.0,82.0,Orthodox,1975.0,3.33,56.0,1.28,54.0,2.3,56.0,52.0,0.2,75.0,265.0,82.0,Switch,1978.0,3.55,50.0,2.79,64.0,0.0,0.0,55.0,0.7
Roy Nelson,Mirko Filipovic,Heavyweight,KO/TKO,2011.0,LasVegas,72.0,263.0,73.0,Orthodox,1976.0,2.18,36.0,4.79,46.0,1.14,27.0,65.0,0.1,74.0,230.0,73.0,Southpaw,1974.0,2.11,50.0,1.89,63.0,0.19,40.0,78.0,0.3
Scott Jorgensen,Jeff Curran,Bantamweight,U-DEC,2011.0,LasVegas,65.0,135.0,66.0,Orthodox,1982.0,3.37,40.0,3.41,65.0,2.61,45.0,59.0,0.7,66.0,135.0,69.0,Orthodox,1977.0,1.54,31.0,2.48,60.0,0.35,12.0,35.0,1.2
Hatsu Hioki,George Roop,Featherweight,S-DEC,2011.0,LasVegas,71.0,145.0,73.0,Orthodox,1983.0,2.42,42.0,2.12,65.0,2.55,56.0,54.0,0.6,73.0,135.0,72.0,Orthodox,1981.0,3.43,34.0,2.47,60.0,1.05,57.0,59.0,0.1
Donald Cerrone,Dennis Siver,Lightweight,SUB,2011.0,LasVegas,73.0,155.0,73.0,Orthodox,1983.0,4.41,46.0,4.48,53.0,1.16,33.0,73.0,1.2,66.0,145.0,70.0,Orthodox,1979.0,3.87,32.0,2.67,65.0,0.87,32.0,65.0,0.3
Bart Palaszewski,Tyson Griffin,Featherweight,KO/TKO,2011.0,LasVegas,69.0,145.0,70.0,Orthodox,1983.0,2.67,32.0,3.97,57.0,0.65,31.0,53.0,0.5,66.0,145.0,68.0,Orthodox,1984.0,3.71,41.0,2.3,65.0,1.87,46.0,59.0,0.9
Brandon Vera,Eliot Marshall,Light Heavyweight,U-DEC,2011.0,LasVegas,75.0,230.0,78.0,Orthodox,1977.0,3.03,56.0,2.81,52.0,0.7,53.0,59.0,0.2,74.0,205.0,77.0,Orthodox,1980.0,1.93,27.0,2.39,67.0,0.47,33.0,79.0,0.9
Ramsey Nijem,Danny Downes,Lightweight,U-DEC,2011.0,LasVegas,71.0,155.0,75.0,Orthodox,1988.0,3.05,44.0,1.62,62.0,5.32,62.0,55.0,1.1,72.0,155.0,72.0,Orthodox,1986.0,1.66,34.0,3.53,37.0,0.0,0.0,37.0,0.5
Francis Carmont,Chris Camozzi,Middleweight,U-DEC,2011.0,LasVegas,75.0,205.0,78.0,Orthodox,1981.0,2.22,42.0,1.64,59.0,1.79,36.0,73.0,0.6,74.0,185.0,75.0,Orthodox,1986.0,3.57,44.0,2.96,56.0,0.27,19.0,57.0,0.5
Clifford Starks,Dustin Jacoby,Middleweight,U-DEC,2011.0,LasVegas,72.0,185.0,78.0,Orthodox,1981.0,1.94,33.0,2.49,58.0,1.94,100.0,60.0,0.0,75.0,205.0,76.0,Orthodox,1988.0,5.58,46.0,3.98,60.0,0.34,30.0,58.0,0.0
Frankie Edgar,Gray Maynard,Lightweight,KO/TKO,2011.0,Houston,66.0,135.0,68.0,Orthodox,1981.0,3.77,40.0,2.82,65.0,2.29,31.0,65.0,0.3,69.0,155.0,70.0,Orthodox,1979.0,1.92,32.0,2.64,66.0,2.91,47.0,81.0,0.7
Jose Aldo,Kenny Florian,Featherweight,U-DEC,2011.0,Houston,67.0,135.0,70.0,Orthodox,1986.0,3.57,46.0,3.74,60.0,0.49,54.0,91.0,0.1,70.0,145.0,74.0,Southpaw,1976.0,2.41,40.0,1.85,63.0,2.22,33.0,60.0,1.3
Chael Sonnen,Brian Stann,Middleweight,SUB,2011.0,Houston,73.0,205.0,73.0,Southpaw,1977.0,3.08,43.0,1.1,62.0,3.81,59.0,66.0,0.4,73.0,205.0,74.0,Orthodox,1980.0,3.28,42.0,2.65,59.0,0.12,12.0,60.0,0.3
Nam Phan,Leonard Garcia,Featherweight,U-DEC,2011.0,Houston,66.0,135.0,70.0,Orthodox,1983.0,4.52,37.0,6.55,59.0,0.18,18.0,60.0,0.2,70.0,145.0,68.0,Orthodox,1979.0,2.77,24.0,4.79,52.0,0.3,26.0,42.0,0.5
Joe Lauzon,Melvin Guillard,Lightweight,SUB,2011.0,Houston,70.0,155.0,71.0,Orthodox,1984.0,2.84,39.0,5.39,54.0,2.39,45.0,54.0,2.0,69.0,155.0,71.0,Orthodox,1983.0,2.96,40.0,1.85,66.0,1.3,63.0,61.0,0.2
Demian Maia,Jorge Santiago,Middleweight,U-DEC,2011.0,Houston,73.0,170.0,72.0,Southpaw,1977.0,1.8,43.0,2.07,63.0,2.49,24.0,61.0,1.0,73.0,170.0,75.0,Orthodox,1980.0,1.69,35.0,2.62,56.0,0.58,30.0,52.0,0.8
Anthony Pettis,Jeremy Stephens,Lightweight,S-DEC,2011.0,Houston,70.0,155.0,72.0,Orthodox,1987.0,3.05,47.0,3.44,54.0,0.61,50.0,60.0,1.1,69.0,145.0,71.0,Orthodox,1986.0,3.17,40.0,3.05,58.0,1.16,38.0,65.0,0.4
Stipe Miocic,Joey Beltran,Heavyweight,U-DEC,2011.0,Houston,76.0,240.0,80.0,Orthodox,1982.0,4.82,53.0,3.82,54.0,1.86,34.0,68.0,0.0,73.0,185.0,75.0,Orthodox,1981.0,4.92,36.0,5.27,54.0,0.48,18.0,75.0,0.0
Darren Elkins,Zhang Tiequan,Featherweight,U-DEC,2011.0,Houston,70.0,145.0,71.0,Orthodox,1984.0,3.52,38.0,3.16,51.0,2.76,33.0,56.0,1.1,68.0,155.0,69.0,Orthodox,1978.0,1.23,36.0,2.14,51.0,1.95,58.0,75.0,3.4
Aaron Simpson,Eric Schafer,Middleweight,U-DEC,2011.0,Houston,72.0,170.0,73.0,Orthodox,1974.0,3.6,52.0,2.53,56.0,3.78,34.0,83.0,0.5,75.0,185.0,76.0,Orthodox,1977.0,1.89,34.0,3.38,56.0,1.81,36.0,50.0,1.8
Mike Massenzio,Steve Cantwell,Middleweight,U-DEC,2011.0,Houston,74.0,185.0,73.0,Southpaw,1982.0,2.08,45.0,3.59,54.0,2.74,24.0,50.0,1.4,74.0,185.0,75.0,Orthodox,1986.0,3.63,34.0,5.76,55.0,0.65,30.0,80.0,0.7
Dominick Cruz,Demetrious Johnson,Bantamweight,U-DEC,2011.0,Washington,68.0,135.0,68.0,Orthodox,1985.0,3.91,33.0,2.61,70.0,2.82,42.0,83.0,0.1,63.0,125.0,66.0,Orthodox,1986.0,3.43,54.0,1.66,67.0,3.35,56.0,65.0,0.5
Stefan Struve,Pat Barry,Heavyweight,SUB,2011.0,Washington,83.0,265.0,84.0,Orthodox,1988.0,3.12,47.0,4.04,46.0,0.56,46.0,55.0,1.7,71.0,235.0,74.0,Orthodox,1979.0,2.72,52.0,3.54,59.0,0.0,0.0,76.0,0.2
Anthony Johnson,Charlie Brenneman,Welterweight,KO/TKO,2011.0,Washington,74.0,205.0,78.0,Orthodox,1984.0,3.25,47.0,1.83,60.0,2.43,57.0,77.0,0.6,70.0,155.0,70.0,Orthodox,1981.0,1.52,56.0,1.55,46.0,4.23,42.0,72.0,0.0
Matt Wiman,Mac Danzig,Lightweight,U-DEC,2011.0,Washington,70.0,155.0,68.0,Orthodox,1983.0,3.17,50.0,3.57,51.0,2.13,37.0,56.0,1.5,68.0,155.0,70.0,Orthodox,1980.0,3.39,48.0,3.44,57.0,1.2,37.0,46.0,0.6
Yves Edwards,Rafaello Oliveira,Lightweight,KO/TKO,2011.0,Washington,69.0,155.0,73.0,Southpaw,1976.0,2.91,42.0,2.34,66.0,0.76,53.0,69.0,0.7,68.0,155.0,71.0,Orthodox,1982.0,2.19,33.0,3.38,59.0,2.49,36.0,11.0,1.6
Paul Sass,Michael Johnson,Lightweight,SUB,2011.0,Washington,72.0,155.0,73.0,Orthodox,1988.0,0.53,26.0,1.9,51.0,0.53,16.0,33.0,7.4,70.0,155.0,73.0,Southpaw,1986.0,4.2,38.0,3.91,58.0,0.5,43.0,79.0,0.1
Mike Easton,Byron Bloodworth,Bantamweight,KO/TKO,2011.0,Washington,66.0,135.0,70.0,Southpaw,1984.0,3.51,37.0,4.28,61.0,0.75,22.0,66.0,0.0,68.0,135.0,--,Orthodox,1983.0,1.82,28.0,5.18,50.0,0.0,0.0,0.0,0.0
TJ Grant,Shane Roller,Lightweight,SUB,2011.0,Washington,70.0,155.0,72.0,Orthodox,1984.0,3.95,54.0,3.21,56.0,1.63,43.0,36.0,0.6,70.0,155.0,72.0,Orthodox,1979.0,2.04,34.0,2.65,60.0,2.46,33.0,42.0,1.9
Josh Neer,Keith Wisniewski,Welterweight,KO/TKO,2011.0,Washington,71.0,170.0,72.0,Orthodox,1983.0,3.29,46.0,3.63,58.0,1.09,34.0,46.0,1.3,72.0,170.0,--,Orthodox,1981.0,2.32,52.0,4.86,42.0,1.57,40.0,78.0,0.3
Walel Watson,Joseph Sandoval,Bantamweight,KO/TKO,2011.0,Washington,71.0,135.0,75.0,Orthodox,1984.0,2.1,29.0,3.79,43.0,0.0,0.0,61.0,1.4,67.0,135.0,--,Southpaw,1986.0,1.82,42.0,12.12,60.0,0.0,0.0,0.0,0.0
Jon Jones,Quinton Jackson,Light Heavyweight,SUB,2011.0,Denver,76.0,205.0,84.0,Orthodox,1987.0,4.3,57.0,2.22,64.0,1.85,44.0,95.0,0.4,73.0,205.0,73.0,Orthodox,1978.0,3.25,54.0,2.51,55.0,1.52,56.0,73.0,0.1
Josh Koscheck,Matt Hughes,Welterweight,KO/TKO,2011.0,Denver,70.0,170.0,73.0,Orthodox,1977.0,1.79,36.0,2.27,63.0,2.46,48.0,64.0,0.4,69.0,170.0,73.0,Switch,1973.0,2.14,53.0,1.36,53.0,2.95,50.0,35.0,1.2
Mark Hunt,Ben Rothwell,Heavyweight,U-DEC,2011.0,Denver,70.0,265.0,72.0,Orthodox,1974.0,2.81,43.0,2.9,51.0,0.51,55.0,64.0,0.2,76.0,265.0,78.0,Orthodox,1981.0,3.71,42.0,4.63,47.0,0.68,34.0,70.0,0.4
Travis Browne,Rob Broughton,Heavyweight,U-DEC,2011.0,Denver,78.0,255.0,79.0,Orthodox,1982.0,2.93,41.0,4.31,42.0,1.21,68.0,75.0,0.2,74.0,265.0,74.0,Orthodox,1983.0,2.83,60.0,2.54,51.0,0.0,0.0,26.0,3.2
Nate Diaz,Takanori Gomi,Lightweight,SUB,2011.0,Denver,72.0,170.0,76.0,Southpaw,1985.0,4.57,45.0,3.77,52.0,1.05,30.0,41.0,1.3,67.0,155.0,70.0,Southpaw,1978.0,3.81,41.0,3.52,60.0,1.23,65.0,63.0,0.8
Tony Ferguson,Aaron Riley,Lightweight,KO/TKO,2011.0,Denver,71.0,155.0,76.0,Orthodox,1984.0,5.07,45.0,3.95,58.0,0.44,41.0,66.0,1.0,68.0,155.0,69.0,Southpaw,1980.0,3.45,34.0,3.78,61.0,1.18,34.0,60.0,0.1
Tim Boetsch,Nick Ring,Middleweight,U-DEC,2011.0,Denver,72.0,185.0,74.0,Orthodox,1981.0,2.93,50.0,2.9,57.0,1.45,34.0,59.0,0.8,72.0,185.0,74.0,Southpaw,1979.0,3.52,42.0,3.48,62.0,1.36,36.0,52.0,0.3
Junior Assuncao,Eddie Yagin,Featherweight,U-DEC,2011.0,Denver,69.0,145.0,72.0,Orthodox,1981.0,3.31,62.0,2.06,44.0,2.43,24.0,66.0,0.7,67.0,145.0,--,Orthodox,1979.0,3.13,30.0,5.77,42.0,0.0,0.0,62.0,1.0
Takeya Mizugaki,Cole Escovedo,Bantamweight,KO/TKO,2011.0,Denver,67.0,135.0,69.0,Orthodox,1983.0,3.37,37.0,3.27,57.0,1.46,57.0,70.0,0.1,67.0,135.0,72.0,Orthodox,1981.0,1.77,43.0,4.32,49.0,0.43,33.0,13.0,0.0
James Te Huna,Ricardo Romero,Light Heavyweight,KO/TKO,2011.0,Denver,74.0,185.0,75.0,Orthodox,1981.0,4.04,51.0,2.99,62.0,2.75,37.0,58.0,0.2,72.0,205.0,76.0,Orthodox,1978.0,2.17,55.0,4.77,46.0,1.63,10.0,100.0,3.3
Jake Ellenberger,Jake Shields,Welterweight,KO/TKO,2011.0,NewOrleans,69.0,170.0,71.0,Orthodox,1985.0,2.47,39.0,2.83,60.0,2.04,47.0,86.0,0.4,72.0,170.0,72.0,Orthodox,1979.0,2.45,36.0,1.8,56.0,2.83,29.0,35.0,1.2
Court McGee,Dongi Yang,Middleweight,U-DEC,2011.0,NewOrleans,71.0,170.0,75.0,Orthodox,1984.0,4.68,37.0,3.69,60.0,1.86,25.0,69.0,0.5,70.0,185.0,73.0,Southpaw,1984.0,3.55,51.0,3.21,63.0,1.7,41.0,61.0,0.5
Erik Koch,Jonathan Brookins,Featherweight,U-DEC,2011.0,NewOrleans,70.0,170.0,71.0,Southpaw,1988.0,2.33,42.0,2.82,47.0,1.02,42.0,81.0,1.0,72.0,145.0,74.0,Southpaw,1985.0,2.69,39.0,3.63,56.0,1.94,17.0,80.0,0.3
Alan Belcher,Jason MacDonald,Middleweight,KO/TKO,2011.0,NewOrleans,74.0,185.0,75.0,Orthodox,1984.0,2.7,41.0,3.1,59.0,0.44,26.0,55.0,0.9,75.0,185.0,80.0,Orthodox,1975.0,1.55,52.0,2.7,46.0,1.43,16.0,35.0,2.0
Vagner Rocha,Cody McKenzie,Lightweight,SUB,2011.0,NewOrleans,70.0,155.0,73.0,Orthodox,1982.0,2.64,42.0,4.5,48.0,1.4,33.0,50.0,1.9,72.0,155.0,72.0,Switch,1987.0,1.74,34.0,2.5,67.0,2.5,25.0,14.0,2.5
Evan Dunham,Shamar Bailey,Lightweight,U-DEC,2011.0,NewOrleans,70.0,155.0,70.0,Southpaw,1981.0,5.33,39.0,3.54,61.0,1.82,33.0,79.0,1.0,69.0,155.0,75.0,Southpaw,1982.0,1.56,20.0,3.91,69.0,1.5,33.0,37.0,0.0
Lance Benoist,Matthew Riddle,Welterweight,U-DEC,2011.0,NewOrleans,71.0,170.0,72.0,Southpaw,1988.0,3.68,51.0,2.7,56.0,1.5,33.0,61.0,0.0,73.0,170.0,76.0,Southpaw,1986.0,3.01,42.0,2.74,54.0,3.51,50.0,89.0,0.5
Ken Stone,Donny Walker,Bantamweight,SUB,2011.0,NewOrleans,68.0,135.0,71.0,Southpaw,1982.0,3.85,49.0,2.9,48.0,1.24,33.0,60.0,0.6,69.0,135.0,--,,1980.0,1.81,37.0,3.85,46.0,0.0,0.0,57.0,1.7
Seth Baczynski,Clay Harvison,Welterweight,SUB,2011.0,NewOrleans,75.0,170.0,75.0,Orthodox,1981.0,3.08,31.0,3.14,51.0,0.89,16.0,48.0,0.8,73.0,170.0,74.0,Orthodox,1980.0,3.29,48.0,3.91,58.0,0.66,100.0,68.0,1.3
TJ Waldburger,Mike Stumpf,Welterweight,SUB,2011.0,NewOrleans,71.0,170.0,75.0,Orthodox,1988.0,2.02,51.0,2.39,40.0,3.03,46.0,40.0,4.8,70.0,170.0,--,,1986.0,3.34,43.0,8.85,47.0,1.59,25.0,33.0,0.8
Robert Peralta,Mike Lullo,Featherweight,U-DEC,2011.0,NewOrleans,68.0,145.0,71.0,Orthodox,1986.0,3.76,44.0,2.97,53.0,0.59,66.0,65.0,0.0,68.0,145.0,--,Orthodox,1979.0,2.48,36.0,4.84,40.0,1.18,11.0,0.0,0.6
Justin Edwards,Jorge Lopez,Welterweight,U-DEC,2011.0,NewOrleans,70.0,155.0,70.0,Orthodox,1983.0,2.68,42.0,3.32,51.0,2.14,26.0,27.0,1.0,70.0,170.0,--,Orthodox,1988.0,2.47,59.0,2.57,50.0,3.5,41.0,81.0,0.0
Anderson Silva,Yushin Okami,Middleweight,KO/TKO,2011.0,RiodeJaneiro,74.0,185.0,77.0,Southpaw,1975.0,3.05,61.0,2.05,60.0,0.5,77.0,69.0,0.8,74.0,170.0,75.0,Southpaw,1981.0,2.06,38.0,2.25,60.0,1.98,39.0,84.0,0.5
Mauricio Rua,Forrest Griffin,Light Heavyweight,KO/TKO,2011.0,RiodeJaneiro,73.0,205.0,76.0,Orthodox,1981.0,3.57,50.0,2.77,54.0,2.03,48.0,48.0,0.7,75.0,205.0,77.0,Orthodox,1979.0,4.38,36.0,2.81,61.0,1.05,48.0,57.0,0.7
Edson Barboza,Ross Pearson,Lightweight,S-DEC,2011.0,RiodeJaneiro,71.0,145.0,75.0,Orthodox,1986.0,3.96,44.0,4.1,58.0,0.38,44.0,75.0,0.1,68.0,155.0,69.0,Orthodox,1984.0,3.68,40.0,4.09,62.0,0.74,35.0,75.0,0.0
Antonio Rodrigo Nogueira,Brendan Schaub,Heavyweight,KO/TKO,2011.0,RiodeJaneiro,75.0,240.0,77.0,Orthodox,1976.0,1.95,42.0,2.4,55.0,1.3,29.0,36.0,2.4,76.0,245.0,78.0,Orthodox,1983.0,2.92,37.0,2.22,57.0,2.32,46.0,72.0,0.4
Stanislav Nedkov,Luiz Cane,Light Heavyweight,KO/TKO,2011.0,RiodeJaneiro,71.0,205.0,71.0,Orthodox,1981.0,3.33,43.0,5.39,43.0,2.77,41.0,0.0,0.0,74.0,185.0,77.0,Southpaw,1981.0,4.79,41.0,5.0,60.0,0.56,28.0,100.0,0.3
Thiago Tavares,Spencer Fisher,Lightweight,KO/TKO,2011.0,RiodeJaneiro,67.0,145.0,70.0,Orthodox,1984.0,2.0,40.0,2.31,62.0,3.83,42.0,62.0,1.5,67.0,155.0,68.0,Southpaw,1976.0,3.17,43.0,3.03,64.0,0.67,30.0,60.0,0.8
Rousimar Palhares,Dan Miller,Middleweight,U-DEC,2011.0,RiodeJaneiro,68.0,170.0,71.0,Orthodox,1980.0,1.75,51.0,2.04,59.0,3.93,45.0,0.0,4.1,73.0,185.0,74.0,Orthodox,1981.0,2.03,36.0,3.06,49.0,1.67,54.0,47.0,1.8
Paulo Thiago,David Mitchell,Welterweight,U-DEC,2011.0,RiodeJaneiro,71.0,170.0,74.0,Orthodox,1981.0,1.71,39.0,1.99,63.0,1.42,31.0,63.0,1.2,72.0,170.0,75.0,Orthodox,1979.0,1.74,32.0,2.06,55.0,0.66,50.0,29.0,2.0
Raphael Assuncao,Johnny Eduardo,Bantamweight,U-DEC,2011.0,RiodeJaneiro,65.0,135.0,66.0,Orthodox,1982.0,3.24,41.0,2.41,67.0,1.47,38.0,78.0,0.3,67.0,135.0,71.0,Orthodox,1978.0,2.95,39.0,3.22,63.0,0.22,20.0,58.0,0.4
Erick Silva,Luis Ramos,Welterweight,KO/TKO,2011.0,RiodeJaneiro,72.0,170.0,74.0,Orthodox,1984.0,2.5,48.0,4.18,49.0,0.85,35.0,56.0,1.4,68.0,170.0,--,Orthodox,1981.0,2.4,35.0,5.6,42.0,1.5,20.0,100.0,0.0
Iuri Alcantara,Felipe Arantes,Featherweight,U-DEC,2011.0,RiodeJaneiro,69.0,135.0,71.0,Southpaw,1980.0,2.72,45.0,2.79,49.0,1.44,62.0,60.0,0.8,68.0,135.0,73.0,Orthodox,1988.0,2.37,45.0,2.66,64.0,0.93,47.0,41.0,0.7
Yves Jabouin,Ian Loveland,Bantamweight,S-DEC,2011.0,RiodeJaneiro,67.0,135.0,68.0,Orthodox,1979.0,3.06,41.0,2.93,62.0,1.94,60.0,82.0,0.1,68.0,145.0,--,Orthodox,1983.0,2.71,40.0,2.36,64.0,1.0,37.0,69.0,0.3
Chris Lytle,Dan Hardy,Welterweight,SUB,2011.0,Milwaukee,71.0,170.0,68.0,Orthodox,1974.0,3.76,45.0,3.03,58.0,0.7,55.0,55.0,2.4,72.0,170.0,74.0,Orthodox,1982.0,2.46,35.0,3.44,51.0,0.73,35.0,35.0,0.4
Benson Henderson,Jim Miller,Lightweight,U-DEC,2011.0,Milwaukee,69.0,170.0,70.0,Southpaw,1983.0,2.93,45.0,1.79,63.0,2.4,45.0,63.0,0.8,68.0,155.0,71.0,Southpaw,1983.0,2.79,41.0,2.93,58.0,1.62,43.0,47.0,1.8
Donald Cerrone,Charles Oliveira,Lightweight,KO/TKO,2011.0,Milwaukee,73.0,155.0,73.0,Orthodox,1983.0,4.41,46.0,4.48,53.0,1.16,33.0,73.0,1.2,70.0,155.0,74.0,Orthodox,1989.0,3.48,53.0,3.2,51.0,2.37,40.0,55.0,2.8
Duane Ludwig,Amir Sadollah,Welterweight,U-DEC,2011.0,Milwaukee,70.0,170.0,70.0,Orthodox,1978.0,4.62,44.0,3.05,57.0,0.43,25.0,59.0,0.1,70.0,170.0,75.0,Orthodox,1980.0,4.71,46.0,3.55,60.0,0.57,27.0,60.0,0.3
Jared Hamman,CB Dollaway,Middleweight,KO/TKO,2011.0,Milwaukee,75.0,185.0,75.0,Orthodox,1982.0,5.15,42.0,3.93,55.0,1.57,46.0,30.0,0.0,74.0,185.0,76.0,Orthodox,1983.0,2.65,47.0,2.58,54.0,3.55,54.0,62.0,1.2
Joseph Benavidez,Eddie Wineland,Bantamweight,U-DEC,2011.0,Milwaukee,64.0,125.0,65.0,Southpaw,1984.0,3.52,34.0,2.67,61.0,1.41,30.0,62.0,0.6,67.0,135.0,69.0,Orthodox,1984.0,3.4,29.0,3.76,68.0,0.34,33.0,86.0,0.1
Ed Herman,Kyle Noke,Middleweight,SUB,2011.0,Milwaukee,73.0,205.0,77.0,Orthodox,1980.0,3.28,48.0,3.52,42.0,2.08,48.0,59.0,1.1,73.0,170.0,76.0,Southpaw,1980.0,3.23,50.0,2.09,64.0,1.53,54.0,66.0,0.8
Ronny Markes,Karlos Vemola,Light Heavyweight,U-DEC,2011.0,Milwaukee,73.0,185.0,75.0,Orthodox,1988.0,2.17,53.0,2.43,45.0,3.13,40.0,100.0,0.5,72.0,185.0,75.0,Orthodox,1985.0,1.67,44.0,2.13,37.0,1.93,25.0,31.0,1.7
Jimy Hettes,Alex Caceres,Featherweight,SUB,2011.0,Milwaukee,69.0,145.0,71.0,Southpaw,1987.0,3.47,57.0,3.5,57.0,5.2,44.0,61.0,1.4,70.0,145.0,73.0,Southpaw,1988.0,4.15,51.0,2.92,64.0,0.58,70.0,64.0,0.8
Cole Miller,TJ O'Brien,Lightweight,SUB,2011.0,Milwaukee,73.0,145.0,73.0,Orthodox,1984.0,3.0,33.0,3.88,59.0,0.6,36.0,38.0,1.8,74.0,155.0,--,Orthodox,1987.0,3.77,46.0,4.78,57.0,0.94,100.0,0.0,0.0
Jacob Volkmann,Danny Castillo,Lightweight,U-DEC,2011.0,Milwaukee,69.0,155.0,71.0,Southpaw,1980.0,1.19,34.0,1.78,52.0,3.19,48.0,52.0,2.0,69.0,155.0,71.0,Orthodox,1979.0,2.57,42.0,1.96,62.0,2.95,38.0,63.0,0.2
Edwin Figueroa,Jason Reinhardt,Bantamweight,KO/TKO,2011.0,Milwaukee,67.0,135.0,69.0,Orthodox,1984.0,2.57,39.0,3.06,51.0,0.2,100.0,37.0,0.6,66.0,135.0,--,Orthodox,1969.0,0.51,40.0,4.07,43.0,1.91,12.0,50.0,0.0
Rashad Evans,Tito Ortiz,Light Heavyweight,KO/TKO,2011.0,Philadelphia,72.0,205.0,75.0,Orthodox,1979.0,2.14,37.0,2.42,63.0,2.98,44.0,73.0,0.0,75.0,205.0,74.0,Orthodox,1975.0,2.59,46.0,2.88,60.0,2.47,35.0,54.0,0.6
Vitor Belfort,Yoshihiro Akiyama,Middleweight,KO/TKO,2011.0,Philadelphia,72.0,185.0,74.0,Southpaw,1977.0,1.59,46.0,2.83,50.0,1.02,60.0,53.0,0.6,70.0,170.0,75.0,Orthodox,1975.0,3.1,41.0,3.62,57.0,2.29,67.0,92.0,1.0
Brian Ebersole,Dennis Hallman,Welterweight,KO/TKO,2011.0,Philadelphia,72.0,170.0,73.0,Southpaw,1980.0,2.32,49.0,2.14,56.0,1.7,23.0,61.0,0.1,69.0,155.0,72.0,Orthodox,1975.0,1.12,44.0,1.96,43.0,1.79,30.0,25.0,2.1
Constantinos Philippou,Jorge Rivera,Middleweight,S-DEC,2011.0,Philadelphia,71.0,185.0,73.0,Orthodox,1979.0,2.19,35.0,2.73,54.0,0.4,42.0,65.0,0.3,73.0,185.0,73.0,Orthodox,1972.0,3.16,48.0,2.64,54.0,0.84,50.0,63.0,0.1
Rory MacDonald,Mike Pyle,Welterweight,KO/TKO,2011.0,Philadelphia,72.0,170.0,76.0,Orthodox,1989.0,3.75,42.0,2.8,62.0,1.77,47.0,88.0,0.4,72.0,170.0,74.0,Orthodox,1975.0,2.74,45.0,2.84,60.0,1.8,35.0,70.0,1.5
Alexander Gustafsson,Matt Hamill,Light Heavyweight,KO/TKO,2011.0,Philadelphia,77.0,205.0,79.0,Orthodox,1987.0,4.03,40.0,3.53,51.0,1.53,39.0,83.0,0.4,73.0,205.0,76.0,Orthodox,1976.0,3.69,42.0,3.8,61.0,3.0,34.0,91.0,0.0
Chad Mendes,Rani Yahya,Featherweight,U-DEC,2011.0,Philadelphia,66.0,145.0,66.0,Orthodox,1985.0,2.78,49.0,2.35,67.0,4.13,55.0,100.0,0.3,66.0,135.0,67.0,Orthodox,1984.0,1.58,38.0,1.76,50.0,2.9,33.0,24.0,1.9
Ivan Menjivar,Nick Pace,Bantamweight,U-DEC,2011.0,Philadelphia,66.0,145.0,64.0,Orthodox,1982.0,2.78,37.0,2.76,65.0,0.56,28.0,38.0,1.0,67.0,135.0,68.0,Orthodox,1987.0,1.48,34.0,3.14,57.0,2.52,43.0,54.0,0.5
Johny Hendricks,Mike Pierce,Welterweight,S-DEC,2011.0,Philadelphia,69.0,185.0,69.0,Southpaw,1983.0,3.49,45.0,3.99,53.0,3.83,46.0,63.0,0.3,68.0,170.0,71.0,Orthodox,1980.0,2.62,42.0,2.36,62.0,3.08,42.0,71.0,0.2
Mike Brown,Nam Phan,Featherweight,U-DEC,2011.0,Philadelphia,66.0,145.0,70.0,Orthodox,1975.0,2.98,44.0,2.45,60.0,3.23,40.0,66.0,0.6,66.0,135.0,70.0,Orthodox,1983.0,4.52,37.0,6.55,59.0,0.18,18.0,60.0,0.2
Rafael Natal,Paul Bradley,Middleweight,U-DEC,2011.0,Philadelphia,72.0,185.0,77.0,Orthodox,1982.0,3.1,47.0,2.48,57.0,2.55,34.0,77.0,0.5,69.0,170.0,--,Orthodox,1983.0,2.26,32.0,4.13,56.0,1.12,16.0,100.0,0.0
Dominick Cruz,Urijah Faber,Bantamweight,U-DEC,2011.0,LasVegas,68.0,135.0,68.0,Orthodox,1985.0,3.91,33.0,2.61,70.0,2.82,42.0,83.0,0.1,66.0,135.0,67.0,Orthodox,1979.0,2.65,40.0,2.59,64.0,1.54,30.0,58.0,0.8
Chris Leben,Wanderlei Silva,Middleweight,KO/TKO,2011.0,LasVegas,71.0,185.0,73.0,Southpaw,1980.0,2.87,42.0,2.87,52.0,1.14,41.0,53.0,0.8,71.0,205.0,74.0,Orthodox,1976.0,2.79,40.0,2.19,60.0,0.97,53.0,62.0,0.6
Dennis Siver,Matt Wiman,Lightweight,U-DEC,2011.0,LasVegas,66.0,145.0,70.0,Orthodox,1979.0,3.87,32.0,2.67,65.0,0.87,32.0,65.0,0.3,70.0,155.0,68.0,Orthodox,1983.0,3.17,50.0,3.57,51.0,2.13,37.0,56.0,1.5
Tito Ortiz,Ryan Bader,Light Heavyweight,SUB,2011.0,LasVegas,75.0,205.0,74.0,Orthodox,1975.0,2.59,46.0,2.88,60.0,2.47,35.0,54.0,0.6,74.0,205.0,74.0,Orthodox,1983.0,2.82,43.0,1.39,71.0,3.37,44.0,80.0,0.4
Carlos Condit,Dong Hyun Kim,Welterweight,KO/TKO,2011.0,LasVegas,74.0,170.0,75.0,Orthodox,1984.0,3.66,39.0,2.67,55.0,0.59,46.0,38.0,1.0,74.0,170.0,76.0,Southpaw,1981.0,2.12,49.0,1.89,58.0,2.93,43.0,71.0,0.6
Melvin Guillard,Shane Roller,Lightweight,KO/TKO,2011.0,LasVegas,69.0,155.0,71.0,Orthodox,1983.0,2.96,40.0,1.85,66.0,1.3,63.0,61.0,0.2,70.0,155.0,72.0,Orthodox,1979.0,2.04,34.0,2.65,60.0,2.46,33.0,42.0,1.9
Rafael Dos Anjos,George Sotiropoulos,Lightweight,KO/TKO,2011.0,LasVegas,68.0,155.0,70.0,Southpaw,1984.0,3.58,46.0,3.23,61.0,1.96,34.0,59.0,0.5,70.0,155.0,71.0,Orthodox,1977.0,2.61,27.0,2.52,67.0,2.32,31.0,53.0,1.6
Brian Bowles,Takeya Mizugaki,Bantamweight,U-DEC,2011.0,LasVegas,67.0,135.0,70.0,Orthodox,1980.0,2.36,26.0,2.98,64.0,1.39,70.0,54.0,1.4,67.0,135.0,69.0,Orthodox,1983.0,3.37,37.0,3.27,57.0,1.46,57.0,70.0,0.1
Aaron Simpson,Brad Tavares,Middleweight,U-DEC,2011.0,LasVegas,72.0,170.0,73.0,Orthodox,1974.0,3.6,52.0,2.53,56.0,3.78,34.0,83.0,0.5,73.0,185.0,74.0,Orthodox,1987.0,3.3,43.0,3.01,56.0,0.86,26.0,80.0,0.0
Anthony Njokuani,Andre Winner,Lightweight,U-DEC,2011.0,LasVegas,73.0,155.0,75.0,Orthodox,1980.0,3.94,46.0,2.41,65.0,0.5,45.0,53.0,0.2,71.0,155.0,73.0,Orthodox,1981.0,2.52,33.0,4.57,51.0,0.0,0.0,74.0,0.0
Jeff Hougland,Donny Walker,Bantamweight,U-DEC,2011.0,LasVegas,67.0,135.0,68.0,Orthodox,1978.0,1.86,48.0,3.46,47.0,0.86,18.0,0.0,1.1,69.0,135.0,--,,1980.0,1.81,37.0,3.85,46.0,0.0,0.0,57.0,1.7
